{"initial_reset_timestamp": 1619071708.63701, "timestamps": [1619071708.7306786, 1619071708.8005614, 1619071708.871914, 1619071708.9737802, 1619071709.0519297, 1619071709.108057, 1619071709.150709, 1619071709.249488, 1619071709.3103242, 1619071709.9473455, 1619071710.7929597, 1619071711.3942518, 1619071711.9600024, 1619071712.5459273, 1619071713.041517, 1619071713.5600138, 1619071714.033565, 1619071714.5144572, 1619071715.032156, 1619071716.0629108, 1619071716.7269263], "episode_lengths": [126, 110, 71, 126, 104, 93, 80, 158, 102, 136, 149, 101, 106, 110, 91, 96, 87, 88, 93, 179, 115], "episode_rewards": [-436.2870445891038, -259.14916340283537, 112.06999718716926, -357.07342448330553, -288.2861661162036, -440.57655552247917, -131.08745829606272, -288.48958483484387, -217.66824516644198, -346.1387596248489, -261.6624846359168, -237.0991942452378, -458.7474564843352, -226.9075590295993, -292.28337621956445, -244.42776588632088, -400.9818840039077, -95.71929214070626, -320.8614083718486, -185.16103119495403, -232.27793803308452], "episode_types": ["t", "t", "t", "t", "t", "t", "t", "t", "t", "t", "t", "t", "t", "t", "t", "t", "t", "t", "t", "t", "t", "t"]}