{"initial_reset_timestamp": 1619071786.8762589, "timestamps": [1619071787.0522673, 1619071787.1573617, 1619071787.2900443, 1619071787.3939552, 1619071787.734402, 1619071787.7950459, 1619071788.174304, 1619071788.362918, 1619071788.6309526, 1619071788.9638052, 1619071789.3039472, 1619071789.6250918, 1619071790.2252774, 1619071790.8478553, 1619071791.6506925, 1619071792.201387, 1619071792.5757418, 1619071792.887692, 1619071793.3221188, 1619071793.6657422, 1619071794.188838, 1619071794.7305946, 1619071794.965903, 1619071795.3216558, 1619071795.6352282, 1619071795.92551, 1619071796.2675233, 1619071796.5966887, 1619071796.9796822, 1619071797.2621264, 1619071797.7634943, 1619071798.067082, 1619071798.4364846, 1619071798.8384848, 1619071799.141438, 1619071799.7112875, 1619071800.2709513, 1619071800.6065001, 1619071801.1035252, 1619071801.6448402, 1619071802.2957568, 1619071802.9454184, 1619071803.3442802, 1619071803.568216, 1619071803.9004936, 1619071804.2811725, 1619071805.307876, 1619071805.6851845, 1619071806.088658, 1619071806.5051515, 1619071807.0311298, 1619071807.7686152, 1619071808.4690711, 1619071808.8121657, 1619071809.2118297, 1619071809.6489918, 1619071809.941394, 1619071810.3883567, 1619071810.5692797, 1619071810.9796045, 1619071811.3296595, 1619071811.631401, 1619071811.938175, 1619071812.3597383, 1619071812.8371472, 1619071813.2216456, 1619071813.8734133, 1619071814.506415, 1619071815.0485187, 1619071815.6666603, 1619071815.9490902, 1619071816.4213548, 1619071817.1774619, 1619071817.5910707, 1619071818.0236177, 1619071818.5140822, 1619071818.9500926, 1619071819.990914, 1619071820.313626, 1619071820.731951, 1619071820.9707227, 1619071821.3624802, 1619071825.2683246, 1619071825.7964933, 1619071827.466925, 1619071827.9254525, 1619071828.7170691, 1619071829.9957082, 1619071830.973438, 1619071832.6301568, 1619071833.5582592, 1619071834.6488967, 1619071834.9594252, 1619071835.249516, 1619071835.5385318, 1619071842.471404, 1619071845.710957, 1619071846.810647, 1619071847.5681171, 1619071851.2099094, 1619071852.077432, 1619071852.728616, 1619071853.5270715, 1619071854.4518607, 1619071857.9467402, 1619071860.6510692, 1619071865.7135348, 1619071866.5910366, 1619071871.778035, 1619071875.9111602, 1619071881.3680935, 1619071886.4453635, 1619071892.7314644, 1619071893.2101936, 1619071899.21664, 1619071905.0793557, 1619071911.8652236, 1619071917.7819307, 1619071922.909759, 1619071928.0810862, 1619071933.6885853, 1619071939.5098805, 1619071944.888545, 1619071949.6688938, 1619071955.035095, 1619071959.6742036, 1619071966.9892173, 1619071973.075678, 1619071980.8251662, 1619071986.2849498, 1619071992.8371408, 1619071997.6560225, 1619072004.731287, 1619072009.2050052, 1619072013.8994114, 1619072019.0946395, 1619072019.767033, 1619072023.7978663, 1619072024.2487566, 1619072024.742566, 1619072029.0091844, 1619072029.4568846, 1619072035.3436997, 1619072040.646372, 1619072044.9173527, 1619072046.5010028, 1619072047.1076293, 1619072049.4397774, 1619072051.168614, 1619072052.315296, 1619072055.0747292, 1619072058.0606527, 1619072058.8572817, 1619072062.9114146, 1619072066.0212727, 1619072066.5548403, 1619072068.5860612, 1619072068.985437, 1619072073.930653, 1619072074.5517387, 1619072075.3418295, 1619072080.7248917, 1619072085.0126603, 1619072091.2080686, 1619072094.5140123, 1619072096.968141, 1619072102.3264258, 1619072107.5641923, 1619072107.9904456], "episode_lengths": [155, 122, 154, 136, 291, 89, 142, 75, 91, 99, 98, 100, 178, 176, 224, 166, 118, 106, 133, 106, 179, 173, 80, 107, 98, 92, 102, 92, 104, 96, 150, 80, 109, 127, 95, 178, 184, 110, 146, 158, 197, 192, 131, 83, 105, 105, 287, 118, 135, 134, 156, 208, 205, 120, 136, 131, 96, 133, 69, 123, 94, 109, 106, 125, 138, 107, 169, 155, 163, 184, 89, 151, 215, 115, 122, 151, 138, 282, 92, 117, 82, 108, 726, 169, 447, 156, 221, 318, 274, 388, 229, 271, 94, 88, 88, 999, 623, 296, 200, 751, 214, 175, 212, 238, 683, 519, 999, 258, 999, 793, 999, 999, 999, 130, 999, 999, 999, 999, 999, 999, 999, 999, 999, 999, 999, 999, 999, 999, 999, 999, 999, 999, 999, 999, 999, 993, 213, 931, 163, 162, 999, 147, 999, 999, 999, 427, 203, 616, 497, 332, 581, 716, 256, 751, 714, 188, 532, 143, 999, 205, 261, 988, 999, 999, 673, 577, 999, 985, 129], "episode_rewards": [-142.32381637225842, -432.89485940850267, -249.08729928988615, -453.92684155092627, -515.4567467315971, -397.34481825414014, -434.49900829405834, -126.18486602135658, -396.0065691378621, -146.8714981207188, -318.4481410256333, -160.38134173529747, 79.24006034434016, -493.3822840326767, -149.68830761481615, -70.69307698532184, -481.79030685420014, -307.1350997261016, -196.56676387107515, -350.7366570560224, -309.8577249202445, -347.6468267072868, -113.38973936694707, -107.53803442958397, -279.17880624453676, -364.58346797689927, -282.84891079747024, -154.4152105266901, -274.4605204851582, -317.0363053711153, -395.08950092578175, -215.92333178830344, -93.48672049414535, -143.92064585940966, -128.67181942279856, -412.92471760058015, -285.34981767261786, -432.9818057750515, -109.42844962781294, -249.5138868133299, -464.72201516933023, -114.41498296462976, -108.79188973676176, 113.81653355596693, -80.0896230797708, -432.98536820235614, -174.93170740206057, -389.3439740271105, -89.26273885339377, -199.8854816964095, -406.50819352530715, -145.11738345482652, -77.38320025553202, -156.78849815185734, -79.06562129381436, -623.813077652483, -89.42689336316528, -121.23727650333332, -126.60955832087554, -185.85238980546012, -73.94025113681208, -271.07302659766907, -200.72016324915236, -172.91978947803295, -396.16749421453403, -141.81404364846202, -146.70250057421785, -234.76620428525757, -174.94894258533333, 52.51560956772469, -133.30525866407714, -181.46398178804426, -154.46207802874557, -258.64556803833665, -76.63789891046932, -332.2922580973792, -55.85899935760314, -284.49401966331607, -263.1549410336231, -85.03577525620837, -79.4201599367731, -233.2011653688986, 123.77878507165035, -40.83149186161526, -432.1558646660908, -290.50274880475126, -92.53057475165005, -215.7619124992342, -88.05983867618988, 97.98516685050865, 165.13544799936827, -94.50288790909018, -69.10410023512239, -135.81306443376877, -73.67615593539446, -117.51687322118836, 123.8758904380175, -336.9302448209201, -152.4114508574363, -340.7376959984242, 190.64206809608737, -171.55520118962144, 164.93850504805945, -249.78120849231968, 123.4482628521518, 103.49083716321249, -120.91226556690276, 166.20779250807573, -128.67375786253416, -147.08906315466822, -134.57916608441192, -33.82671304772402, -148.38422381124352, -61.10994732232474, -140.595749390985, -144.80407039561283, -74.33648111357083, -163.2187605322174, -125.67157618331956, -108.00094186810104, -82.59367844956802, -82.37442312942716, -131.3099239891277, -85.3750149657161, -98.3946280491411, -103.40465707013635, -128.27707490331372, -66.42404926933123, -90.60390270324794, -124.57888125865385, -158.3739373279227, -108.3114714344138, -78.9011036697813, -144.665844525598, -106.7799845748774, 73.92071003272623, -191.00366434428418, -24.941607823175517, -108.05631820060864, -138.06872894781145, -106.40023557861292, -150.68644531766893, -57.523700407672045, -91.95874294537393, -83.04645605757499, -80.9720629620068, -138.64391424452407, -184.27219382456036, -234.1831068083862, -160.56772866977903, 116.30152192803516, -124.90387353321087, -215.1161132385665, -186.8632144900992, 101.42815160027816, -79.79410197241269, -196.55568048631142, -75.70880281956731, -60.0263448968034, -119.56118377556696, -106.09197685310787, -70.84857977398667, -188.59506739171348, -60.76261125074253, 9.00397563993126, -194.32864106215482, -60.321178434974335, -240.4305638524295, -208.7170472607604],